Name,Coords
El Dorado Hills,"-121.0490,38.6750"
Lemon Cove,"-119.0312,36.3790"
Dillon Beach,"-122.9560,38.2436"
Patterson Tract,"-119.2956,36.3795"
Redcrest,"-123.9474,40.3987"
Madera,"-120.0803,36.9640"
Brooktrails,"-123.3963,39.4429"
Geyserville,"-122.9034,38.7173"
Delhi,"-120.7759,37.4306"
Stanton,"-117.9935,33.8002"
Cobb,"-122.7230,38.8356"
Amador City,"-120.8232,38.4190"
Vallejo,"-122.2359,38.1133"
Scotts Valley,"-122.0118,37.0555"
Fish Camp,"-119.6374,37.4797"
Alpine,"-116.7585,32.8439"
Rowland Heights,"-117.8911,33.9716"
Alta,"-120.8033,39.2138"
North San Juan,"-121.1060,39.3718"
Mountain Mesa,"-118.4047,35.6411"
Shafter,"-119.2013,35.4794"
Bombay Beach,"-115.7306,33.3548"
Fairfax,"-122.5950,37.9884"
Round Mountain,"-121.9375,40.8005"
Avocado Heights,"-118.0026,34.0381"
Dunnigan,"-121.9741,38.8926"
Strathmore,"-119.0612,36.1438"
Inglewood,"-118.3444,33.9566"
Randsburg,"-117.6607,35.3680"
Granite Hills,"-116.9056,32.8033"
Burlingame,"-122.3669,37.5860"
Keddie,"-120.9525,40.0059"
Lodi,"-121.2933,38.1218"
Saticoy,"-119.1452,34.2819"
Avery,"-120.3790,38.1939"
Spreckels,"-121.6465,36.6247"
South Whittier,"-118.0311,33.9336"
Boron,"-117.6659,35.0164"
Cherry Valley,"-116.9694,33.9797"
Milpitas,"-121.8921,37.4340"
El Sobrante,"-117.4624,33.8724"
Exeter,"-119.1459,36.2940"
Whitewater,"-116.6873,33.9356"
Inyokern,"-117.8213,35.6546"
Rackerby,"-121.3542,39.4261"
Pajaro Dunes,"-121.8101,36.8722"
Adin,"-120.9494,41.1964"
Lake Nacimiento,"-120.8702,35.7309"
Live Oak,"-121.6624,39.2788"
Fort Jones,"-122.8409,41.6086"
Rancho Cordova,"-121.2523,38.5740"
Black Point-Green Point,"-122.5190,38.1120"
Manhattan Beach,"-118.3972,33.8895"
Montecito,"-119.6286,34.4382"
El Monte,"-118.0291,34.0739"
Bostonia,"-116.9479,32.8189"
Palo Cedro,"-122.2363,40.5511"
Belmont,"-122.2955,37.5154"
Robbins,"-121.7055,38.8672"
Woodacre,"-122.6384,38.0052"
Sugarloaf Mountain Park,"-118.6039,35.8379"
Willowbrook,"-118.2362,33.9199"
Mather,"-121.2832,38.5489"
Los Berros,"-120.5451,35.0809"
Waterloo,"-121.1846,38.0365"
Callender,"-120.5759,35.0480"
Carmet,"-123.0720,38.3743"
Yosemite Lakes,"-119.7723,37.1886"
Buckhorn,"-120.5354,38.4532"
Edmundson Acres,"-118.8233,35.2273"
Grenada,"-122.5260,41.6406"
Montclair,"-117.6981,34.0714"
Buck Meadows,"-120.0653,37.8127"
Grimes,"-121.8988,39.0742"
Hayfork,"-123.1299,40.5610"
Indio,"-116.2346,33.7346"
Sierra City,"-120.6297,39.5740"
Mission Hills,"-120.4405,34.6861"
Valley Acres,"-119.4106,35.2087"
Montebello,"-118.1108,34.0155"
Newell,"-121.3675,41.8898"
Parksdale,"-120.0218,36.9462"
Graton,"-122.8660,38.4376"
Livingston,"-120.7248,37.3875"
Traver,"-119.4824,36.4526"
Floriston,"-120.0145,39.3930"
Montague,"-122.5302,41.7275"
Mesa,"-118.5424,37.4189"
Lompico,"-122.0523,37.1101"
Hidden Meadows,"-117.1198,33.2236"
La Vina,"-120.1147,36.8799"
Lindsay,"-119.0897,36.2082"
Bass Lake,"-119.5668,37.3280"
Calimesa,"-117.0542,33.9874"
Thousand Palms,"-116.3545,33.8150"
Modesto,"-121.0028,37.6374"
Pico Rivera,"-118.0888,33.9902"
East Rancho Dominguez,"-118.1956,33.8949"
Maricopa,"-119.4054,35.0517"
Wilton,"-121.2127,38.4130"
Ocotillo,"-116.0020,32.7431"
Klamath,"-124.0063,41.5322"
Costa Mesa,"-117.9135,33.6667"
Oceano,"-120.6090,35.1019"
Robinson Mill,"-121.3202,39.4857"
Colusa,"-122.0096,39.2049"
Meadowbrook,"-117.2851,33.7254"
Hidden Valley Lake,"-122.5505,38.8003"
Caruthers,"-119.8450,36.5399"
Potrero,"-116.6068,32.6131"
Laton,"-119.6916,36.4338"
Hiouchi,"-124.0661,41.7937"
Fuller Acres,"-118.9143,35.3023"
Herald,"-121.2318,38.2913"
Furnace Creek,"-116.8747,36.4277"
Lucerne Valley,"-116.9021,34.4427"
Volcano,"-120.6306,38.4456"
Redding,"-122.3650,40.5698"
Concord,"-122.0016,37.9722"
West Modesto,"-121.0343,37.6180"
Golden Hills,"-118.5024,35.1512"
Santa Fe Springs,"-118.0625,33.9330"
Fellows,"-119.5472,35.1780"
Forestville,"-122.8899,38.4825"
Los Molinos,"-122.0981,40.0270"
Banning,"-116.8991,33.9461"
Sacramento,"-121.4683,38.5667"
Independence,"-118.2133,36.8275"
Spring Valley Lake,"-117.2684,34.4988"
Valley Ford,"-122.9148,38.3246"
Plumas Eureka,"-120.6645,39.7982"
Westside,"-120.1344,36.4042"
Country Club,"-121.3408,37.9687"
East Quincy,"-120.9189,39.9165"
Rancho San Diego,"-116.9197,32.7624"
Lewiston,"-122.8225,40.6969"
Bonadelle Ranchos-Madera Ranchos,"-119.8893,36.9596"
Teviston,"-119.2783,35.9290"
Lagunitas-Forest Knolls,"-122.6914,38.0180"
Palo Alto,"-122.1467,37.3913"
Pearsonville,"-117.8755,35.8188"
Bonita,"-117.0296,32.6652"
Del Rio,"-121.0091,37.7432"
Danville,"-121.9698,37.8121"
Casa de Oro-Mount Helix,"-116.9687,32.7640"
Cloverdale,"-123.0154,38.7962"
La Quinta,"-116.2785,33.6536"
Roseland,"-122.7298,38.4178"
Big Bear City,"-116.7903,34.2536"
Chinese Camp,"-120.4443,37.8703"
Washington,"-120.7906,39.3591"
San Jacinto,"-116.9915,33.7970"
Carrick,"-122.3635,41.4467"
Meadow Vista,"-121.0304,39.0029"
Old Fig Garden,"-119.8051,36.7989"
Likely,"-120.5033,41.2254"
Sugarloaf Saw Mill,"-118.6166,35.8343"
Riverdale Park,"-121.0425,37.6028"
Tulelake,"-121.4753,41.9533"
Las Flores,"-117.6235,33.5838"
Biola,"-120.0199,36.8006"
Los Ranchos,"-120.6291,35.2102"
San Mateo,"-122.3122,37.5522"
Livermore,"-121.7608,37.6861"
Diablo Grande,"-121.2699,37.4006"
Idyllwild-Pine Cove,"-116.7257,33.7443"
Morongo Valley,"-116.5627,34.0724"
Thornton,"-121.4249,38.2310"
San Diego,"-117.1225,32.8312"
Bermuda Dunes,"-116.2874,33.7435"
Copperopolis,"-120.6277,37.9365"
La Crescenta-Montrose,"-118.2353,34.2323"
Pine Canyon,"-121.1498,36.1757"
Brookdale,"-122.1106,37.1058"
Signal Hill,"-118.1681,33.8029"
Stirling City,"-121.5361,39.9064"
Loma Rica,"-121.4038,39.3204"
Tamalpais-Homestead Valley,"-122.5382,37.8793"
Tuttle,"-120.3789,37.2965"
West Park,"-119.8516,36.7055"
Pleasanton,"-121.8805,37.6663"
March ARB,"-117.2777,33.8888"
Big Lagoon,"-124.1303,41.1592"
Muscoy,"-117.3482,34.1548"
West Covina,"-117.9112,34.0555"
Bellflower,"-118.1271,33.8880"
Allensworth,"-119.3892,35.8499"
Lemon Hill,"-121.4573,38.5172"
Fort Dick,"-124.1526,41.8663"
Rancho Cucamonga,"-117.5666,34.1248"
Rio del Mar,"-121.8808,36.9608"
Agoura Hills,"-118.7608,34.1510"
St. Helena,"-122.4682,38.5063"
Dorris,"-121.9208,41.9643"
Lenwood,"-117.1078,34.8861"
Garberville,"-123.7948,40.1003"
Carmichael,"-121.3230,38.6337"
Richvale,"-121.7507,39.4937"
New Cuyama,"-119.6806,34.9421"
Tomales,"-122.9054,38.2470"
Anza,"-116.6967,33.5679"
Rodriguez Camp,"-119.1388,35.8090"
Ballard,"-120.1156,34.6340"
Jacumba,"-116.1827,32.6278"
Westley,"-121.2035,37.5444"
Romoland,"-117.1572,33.7648"
Santa Ana,"-117.8819,33.7366"
Sunol,"-121.8854,37.5894"
Lancaster,"-118.1753,34.6934"
Moorpark,"-118.8770,34.2855"
Graeagle,"-120.6486,39.7572"
Descanso,"-116.6279,32.8696"
Isleton,"-121.6051,38.1617"
Orange Cove,"-119.3188,36.6211"
Pollock Pines,"-120.5904,38.7564"
Macdoel,"-122.0058,41.8256"
Vernon,"-118.2106,34.0019"
West Sacramento,"-121.5504,38.5557"
San Geronimo,"-122.6634,38.0067"
Parlier,"-119.5435,36.6085"
Long Barn,"-120.1285,38.0957"
Calexico,"-115.4944,32.6849"
Fairhaven,"-124.2013,40.7885"
Compton,"-118.2275,33.8930"
San Andreas,"-120.6763,38.1912"
Courtland,"-121.5570,38.3329"
Herlong,"-120.1399,40.1419"
Desert Edge,"-116.4401,33.9223"
Chester,"-121.2339,40.3017"
Fort Bragg,"-123.8013,39.4400"
Bootjack,"-119.8887,37.4672"
Wheatland,"-121.3900,39.0287"
Chino,"-117.6654,33.9836"
Valley Ranch,"-120.5650,39.7403"
Valley Center,"-117.0158,33.2331"
Prunedale,"-121.6555,36.8064"
Taft Heights,"-119.4711,35.1337"
Twain,"-121.0404,40.0355"
Grizzly Flats,"-120.5354,38.6357"
Junction City,"-123.0615,40.7274"
Victorville,"-117.3536,34.5277"
Taft Mosswood,"-121.2831,37.9140"
Cedarville,"-120.1748,41.5280"
West Goshen,"-119.4516,36.3490"
Onyx,"-118.2102,35.6839"
Downieville,"-120.8213,39.5700"
Rolling Hills,"-118.3471,33.7600"
Mesa Verde,"-114.7317,33.5957"
Sheridan,"-121.3560,38.9690"
Hickman,"-120.7532,37.6227"
Mission Canyon,"-119.7125,34.4534"
Running Springs,"-117.1147,34.2104"
Davenport,"-122.1882,37.0176"
La Honda,"-122.2651,37.3182"
Posey,"-118.6786,35.8038"
Jamul,"-116.8709,32.7184"
Ladera Heights,"-118.3740,33.9972"
Searles Valley,"-117.3967,35.7701"
Kingsburg,"-119.5608,36.5242"
Leona Valley,"-118.2990,34.6147"
Oakville,"-122.4067,38.4384"
Elmira,"-121.9077,38.3523"
Auburn Lake Trails,"-120.9849,38.8917"
Lake Almanor Peninsula,"-121.1345,40.2812"
Eldridge,"-122.5065,38.3339"
Shoshone,"-116.3056,35.9510"
Coachella,"-116.1430,33.6905"
Toro Canyon,"-119.5568,34.4235"
Greenview,"-122.9185,41.5471"
Villa Park,"-117.8103,33.8180"
Campo,"-116.4745,32.6394"
Morgan Hill,"-121.6410,37.1324"
Imperial Beach,"-117.1184,32.5689"
Norco,"-117.5500,33.9253"
Riverdale,"-119.8670,36.4304"
Los Altos,"-122.0966,37.3685"
Rolling Hills Estates,"-118.3508,33.7783"
Middletown,"-122.6221,38.7519"
Sun Village,"-117.9559,34.5596"
Pismo Beach,"-120.6506,35.1492"
Campbell,"-121.9538,37.2801"
Fountain Valley,"-117.9514,33.7105"
Trona,"-117.3449,35.8150"
Keeler,"-117.8720,36.4846"
Carmel Valley Village,"-121.7198,36.4824"
El Centro,"-115.5586,32.7867"
Torrance,"-118.3417,33.8346"
Oakdale,"-120.8471,37.7616"
San Juan Bautista,"-121.5384,36.8457"
Holtville,"-115.3779,32.8129"
East Orosi,"-119.2599,36.5481"
Newcastle,"-121.1318,38.8678"
Clearlake Riviera,"-122.7207,38.9512"
Vacaville,"-121.9680,38.3590"
Quartz Hill,"-118.2163,34.6527"
Chualar,"-121.5103,36.5711"
Palermo,"-121.5226,39.4313"
Nice,"-122.8525,39.1266"
Seaside,"-121.8191,36.6224"
Simi Valley,"-118.7490,34.2663"
Plainview,"-119.1375,36.1423"
Beckwourth,"-120.4111,39.8485"
Willows,"-122.1995,39.5149"
Menlo Park,"-122.1672,37.4686"
Valley Home,"-120.9143,37.8272"
North Highlands,"-121.3721,38.6713"
Indianola,"-124.0808,40.8133"
Mission Viejo,"-117.6550,33.6095"
Alamo,"-122.0131,37.8546"
Rail Road Flat,"-120.4910,38.3168"
Thermalito,"-121.6150,39.4909"
Lomita,"-118.3175,33.7933"
Potter Valley,"-123.1123,39.3190"
Indian Wells,"-116.3396,33.7036"
Lower Lake,"-122.6084,38.9118"
Burbank,"-118.3235,34.1879"
Casa Conejo,"-118.9445,34.1847"
Rosedale,"-119.2058,35.3887"
Coronado,"-117.1600,32.6640"
Warm Springs,"-117.3344,33.7067"
Dustin Acres,"-119.3750,35.2159"
Yucca Valley,"-116.4216,34.1234"
Maxwell,"-122.1946,39.2771"
Patton Village,"-120.1778,40.1401"
Upland,"-117.6604,34.1178"
El Cerrito,"-122.3025,37.9197"
Shingletown,"-121.8600,40.5035"
Anderson,"-122.2962,40.4510"
Bloomington,"-117.4013,34.0601"
Palm Springs,"-116.5382,33.8017"
Atherton,"-122.2032,37.4539"
Needles,"-114.6189,34.8164"
Clipper Mills,"-121.1666,39.5324"
Weldon,"-118.3103,35.6431"
Altadena,"-118.1345,34.1928"
National City,"-117.0983,32.6654"
Foresthill,"-120.8313,39.0053"
Daphnedale Park,"-120.5507,41.5089"
American Canyon,"-122.2583,38.1796"
Plymouth,"-120.8584,38.4776"
Rialto,"-117.3894,34.1175"
Rohnert Park,"-122.6964,38.3480"
Dinuba,"-119.3987,36.5453"
Pacific Grove,"-121.9255,36.6191"
Rosamond,"-118.2154,34.8658"
Roseville,"-121.3178,38.7691"
Angels,"-120.5501,38.0706"
Occidental,"-122.9349,38.4004"
Vista,"-117.2386,33.1896"
Phelan,"-117.5248,34.4398"
Sunnyside,"-119.6945,36.7294"
Johnstonville,"-120.5846,40.3789"
Inverness,"-122.8471,38.0821"
Acton,"-118.1858,34.4956"
Pasadena,"-118.1390,34.1597"
Alleghany,"-120.8410,39.4666"
Tres Pinos,"-121.3106,36.7904"
Castaic,"-118.6317,34.4818"
Stonyford,"-122.5445,39.3703"
Covelo,"-123.2499,39.8025"
Vandenberg Village,"-120.4623,34.7111"
Cambria,"-121.0847,35.5523"
Miranda,"-123.8174,40.2289"
Silverado Resort,"-122.2556,38.3536"
Amesti,"-121.7805,36.9583"
Planada,"-120.3207,37.2892"
Hyampom,"-123.4689,40.6262"
Gold Mountain,"-120.5191,39.7613"
China Lake Acres,"-117.7667,35.6387"
Valle Vista,"-116.8872,33.7436"
Los Alamos,"-120.2783,34.7375"
Pine Flat,"-118.6427,35.8737"
Newark,"-122.0312,37.5204"
Santee,"-116.9851,32.8554"
Mi-Wuk Village,"-120.1790,38.0570"
Sereno del Mar,"-123.0732,38.3836"
Walnut Park,"-118.2220,33.9683"
Santa Paula,"-119.0698,34.3521"
San Ardo,"-120.9074,36.0238"
Del Rey,"-119.5993,36.6562"
Mono Vista,"-120.2697,38.0124"
Lake Forest,"-117.6712,33.6606"
Sonora,"-120.3828,37.9819"
Dobbins,"-121.2128,39.3657"
Newport Beach,"-117.8669,33.6151"
Peters,"-121.0439,37.9763"
Santa Clara,"-121.9680,37.3646"
Pine Valley,"-116.5107,32.8415"
Laguna Woods,"-117.7299,33.6099"
Penngrove,"-122.6707,38.3005"
Elizabeth Lake,"-118.3783,34.6590"
Montara,"-122.4924,37.5482"
Lennox,"-118.3586,33.9380"
Barstow,"-117.0472,34.8661"
Walnut Grove,"-121.5280,38.2477"
Redway,"-123.8220,40.1209"
Desert Palms,"-116.2930,33.7790"
Pajaro,"-121.7417,36.9016"
Mesa Vista,"-119.8033,38.8103"
Azusa,"-117.9124,34.1386"
Half Moon Bay,"-122.4383,37.4688"
Los Gatos,"-121.9560,37.2302"
Pinole,"-122.2834,37.9931"
Hoopa,"-123.6972,41.0803"
San Anselmo,"-122.5699,37.9821"
San Martin,"-121.5963,37.0829"
Auberry,"-119.4900,37.0754"
Sky Valley,"-116.3551,33.8912"
Easton,"-119.7908,36.6524"
McKinleyville,"-124.0857,40.9489"
Alto,"-122.5187,37.9056"
Sausalito,"-122.4932,37.8580"
Highlands-Baywood Park,"-122.3448,37.5227"
Allendale,"-121.9814,38.4426"
Rosemont,"-121.3553,38.5477"
Dublin,"-121.8964,37.7161"
Tarpey Village,"-119.7012,36.7941"
San Lorenzo,"-122.1349,37.6737"
Day Valley,"-121.8559,37.0255"
Paxton,"-121.0030,40.0334"
Cedar Slope,"-118.5771,36.1436"
Seacliff,"-121.9176,36.9770"
Stockton,"-121.3111,37.9766"
Angwin,"-122.4512,38.5776"
Tecopa,"-116.2074,35.8350"
Durham,"-121.7875,39.6232"
Orcutt,"-120.4269,34.8668"
Emerald Lake Hills,"-122.2675,37.4663"
Guinda,"-122.1985,38.8274"
Salton Sea Beach,"-116.0113,33.3759"
Fairfield,"-122.0319,38.2594"
Vineyard,"-121.3190,38.4744"
Acalanes Ridge,"-122.0786,37.9045"
North Edwards,"-117.8093,35.0474"
Rosemead,"-118.0823,34.0688"
Milford,"-120.3686,40.1634"
Honcut,"-121.5387,39.3326"
Escalon,"-120.9981,37.7912"
Rossmoor,"-118.0803,33.7886"
Ojai,"-119.2469,34.4487"
Placerville,"-120.7978,38.7308"
South El Monte,"-118.0484,34.0493"
Millville,"-122.1696,40.5576"
Temescal Valley,"-117.4677,33.7581"
Diablo,"-121.9565,37.8408"
Panorama Heights,"-118.6270,35.8068"
Fulton,"-122.7734,38.4937"
Rancho Mirage,"-116.4271,33.7634"
Yuba City,"-121.6381,39.1357"
San Diego Country Estates,"-116.7874,33.0093"
Capitola,"-121.9539,36.9772"
Lanare,"-119.9322,36.4377"
Contra Costa Centre,"-122.0539,37.9261"
Kennedy Meadows,"-118.1100,36.0076"
Rancho Santa Margarita,"-117.5989,33.6317"
North Shore,"-115.9092,33.5157"
Interlaken,"-121.7363,36.9505"
Homestead Valley,"-116.4145,34.2730"
Coleville,"-119.5160,38.5834"
Knightsen,"-121.6511,37.9633"
Mendocino,"-123.7908,39.3110"
Dunsmuir,"-122.2714,41.2319"
Kings Beach,"-120.0201,39.2490"
Myers Flat,"-123.8737,40.2666"
Corona,"-117.5641,33.8620"
East Shore,"-121.0768,40.2451"
Yreka,"-122.6311,41.7292"
Beaumont,"-116.9762,33.9070"
Bear Creek,"-120.4177,37.2966"
San Pablo,"-122.3425,37.9628"
Alpine Village,"-119.8009,38.7856"
Dorrington,"-120.2706,38.2949"
Smith River,"-124.1494,41.9250"
Oakley,"-121.6951,37.9929"
Agua Dulce,"-118.3160,34.5044"
McArthur,"-121.4068,41.0415"
Oroville East,"-121.4866,39.4947"
Meridian,"-121.9079,39.1404"
Dixon Lane-Meadow Creek,"-118.4153,37.3864"
Chino Hills,"-117.7253,33.9507"
Bonsall,"-117.1942,33.2761"
Folsom,"-121.1422,38.6669"
Susanville,"-120.6129,40.4205"
San Rafael,"-122.5222,37.9904"
Calabasas,"-118.6689,34.1375"
Cuyama,"-119.6148,34.9312"
Wawona,"-119.6395,37.5482"
Concow,"-121.5196,39.7733"
Westlake Village,"-118.8221,34.1369"
Sisquoc,"-120.2942,34.8622"
Jackson,"-120.7728,38.3485"
Trowbridge,"-121.5148,38.9263"
Calistoga,"-122.5824,38.5818"
Ladera Ranch,"-117.6416,33.5491"
Cleone,"-123.7812,39.4927"
Ford City,"-119.4584,35.1647"
University of California-Davis,"-121.7576,38.5374"
Oasis,"-116.1261,33.5275"
Marina,"-121.7894,36.6812"
San Clemente,"-117.6103,33.4498"
Whittier,"-118.0188,33.9678"
Mono City,"-119.1466,38.0412"
Laguna Beach,"-117.7613,33.5449"
Kernville,"-118.4321,35.7531"
Silver City,"-118.6508,36.4638"
Ripon,"-121.1309,37.7415"
Mexican Colony,"-119.2687,35.4689"
Bella Vista,"-122.2450,40.6502"
Hydesville,"-124.0822,40.5579"
Niland,"-115.5146,33.2387"
Bodega Bay,"-123.0308,38.3250"
Calpine,"-120.4436,39.6633"
Hat Creek,"-121.4809,40.8101"
Boulevard,"-116.2896,32.6640"
Carson,"-118.2559,33.8374"
Guadalupe,"-120.5735,34.9608"
Elkhorn,"-121.7211,36.8103"
Delleker,"-120.4968,39.8101"
Huntington Beach,"-118.0025,33.6960"
Williams,"-122.1373,39.1487"
Solvang,"-120.1401,34.5936"
Sebastopol,"-122.8277,38.4000"
Elk Grove,"-121.3840,38.4160"
Ripley,"-114.6530,33.5238"
Corning,"-122.1820,39.9282"
Cherokee Strip,"-119.2617,35.4698"
Crestline,"-117.2890,34.2486"
Blacklake,"-120.5387,35.0497"
Irvine,"-117.7738,33.6772"
San Marino,"-118.1132,34.1224"
Cherryland,"-122.1038,37.6792"
Baldwin Park,"-117.9721,34.0829"
Bertsch-Oceanview,"-124.1594,41.7524"
Fair Oaks,"-121.2497,38.6504"
Arroyo Grande,"-120.5845,35.1242"
Sunnyside-Tahoe City,"-120.1613,39.1504"
Orland,"-122.1855,39.7461"
Alhambra Valley,"-122.1320,37.9665"
Hughson,"-120.8660,37.6020"
Santa Nella,"-121.0153,37.1014"
Mendota,"-120.3777,36.7555"
Zayante,"-122.0414,37.0889"
Bonny Doon,"-122.1369,37.0435"
Marysville,"-121.5836,39.1518"
Tracy,"-121.4440,37.7260"
Winters,"-121.9781,38.5320"
Rose Hills,"-118.0420,34.0090"
Tehachapi,"-118.4750,35.1270"
Mabie,"-120.5447,39.7771"
East Whittier,"-117.9887,33.9244"
Florence-Graham,"-118.2447,33.9682"
Los Alamitos,"-118.0594,33.7972"
Mad River,"-123.4917,40.4325"
Madison,"-121.9702,38.6750"
Salida,"-121.0870,37.7145"
Ivanhoe,"-119.2202,36.3886"
San Carlos,"-122.2680,37.4982"
Wasco,"-119.3671,35.5938"
Magalia,"-121.6078,39.8228"
North Richmond,"-122.3711,37.9642"
Cassel,"-121.5515,40.9213"
Hesperia,"-117.3147,34.3975"
Tupman,"-119.3576,35.2987"
Prattville,"-121.1575,40.2060"
Home Garden,"-119.6370,36.3030"
Fairview,"-122.0481,37.6761"
Storrie,"-121.3188,39.9239"
Homewood Canyon,"-117.3863,35.8900"
Almanor,"-121.1762,40.2146"
San Marcos,"-117.1743,33.1350"
El Segundo,"-118.4021,33.9169"
Poso Park,"-118.6363,35.8114"
Keyes,"-120.9088,37.5618"
Mineral,"-121.5694,40.3755"
La Palma,"-118.0406,33.8504"
Meiners Oaks,"-119.2731,34.4505"
Broadmoor,"-122.4811,37.6914"
Darwin,"-117.5891,36.2688"
Little Valley,"-121.1781,40.8930"
Weott,"-123.9209,40.3226"
August,"-121.2625,37.9796"
Fowler,"-119.6739,36.6246"
Yountville,"-122.3671,38.3963"
Willits,"-123.3494,39.4047"
Big Bear Lake,"-116.8950,34.2429"
Clayton,"-121.9301,37.9403"
Camarillo,"-119.0322,34.2230"
Mayflower Village,"-118.0096,34.1159"
Piru,"-118.7999,34.4075"
Buena Vista,"-120.9179,38.2974"
Saratoga,"-122.0263,37.2684"
Bodega,"-122.9712,38.3488"
La Presa,"-117.0027,32.7110"
Channel Islands Beach,"-119.2231,34.1586"
Del Aire,"-118.3693,33.9168"
Shaver Lake,"-119.3245,37.0971"
Stinson Beach,"-122.6457,37.9051"
Oxnard,"-119.1819,34.1962"
Valley Springs,"-120.8150,38.1837"
San Luis Obispo,"-120.6689,35.2670"
Yucaipa,"-117.0430,34.0336"
Gilroy,"-121.5856,37.0047"
Temecula,"-117.1315,33.4928"
Kenwood,"-122.5387,38.4153"
La Mesa,"-117.0204,32.7703"
Escondido,"-117.0723,33.1347"
Hilmar-Irwin,"-120.8504,37.4045"
Verdi,"-120.0164,39.5237"
Penryn,"-121.1699,38.8478"
Arnold,"-120.3547,38.2423"
Blackhawk,"-121.9071,37.8160"
Greeley Hill,"-120.1290,37.7569"
King City,"-121.1330,36.2166"
Sierra Village,"-120.1624,38.0768"
North Gate,"-121.9981,37.9062"
Alta Sierra,"-121.0523,39.1237"
Centerville,"-119.4960,36.7361"
Wilsonia,"-118.9558,36.7346"
Woodland,"-121.7500,38.6712"
Tiburon,"-122.4637,37.8854"
Manila,"-124.1631,40.8513"
Santa Margarita,"-120.6084,35.3894"
Camp Nelson,"-118.6107,36.1420"
Oceanside,"-117.3083,33.2247"
South San Jose Hills,"-117.9041,34.0123"
Weed,"-122.3816,41.4128"
Mountain House,"-121.5452,37.7740"
Big Bend,"-121.9239,41.0108"
Boyes Hot Springs,"-122.4888,38.3126"
Lake Davis,"-120.4630,39.8564"
Alturas,"-120.5516,41.4898"
Monson,"-119.3358,36.4927"
Daly City,"-122.4684,37.6863"
Sierra Brooks,"-120.2153,39.6426"
London,"-119.4440,36.4810"
Eureka,"-124.1568,40.7941"
Aliso Viejo,"-117.7289,33.5792"
Sunnyvale,"-122.0257,37.3836"
Soda Bay,"-122.7794,39.0024"
Cathedral City,"-116.4642,33.8363"
East Richmond Heights,"-122.3140,37.9451"
Hermosa Beach,"-118.3966,33.8654"
Lake Almanor Country Club,"-121.1470,40.2578"
Brisbane,"-122.4019,37.6898"
Cerritos,"-118.0686,33.8677"
Corte Madera,"-122.5129,37.9238"
Reliez Valley,"-122.1026,37.9399"
Tobin,"-121.2959,39.9361"
Mountain View,"-122.0796,37.4000"
Pleasure Point,"-121.9715,36.9618"
Ross,"-122.5615,37.9638"
Ponderosa,"-118.5293,36.1050"
Firebaugh,"-120.4537,36.8534"
Selma,"-119.6156,36.5744"
Portola Valley,"-122.2203,37.3713"
Lodoga,"-122.5058,39.3041"
Sugarloaf Village,"-118.6355,35.8269"
Walnut Creek,"-122.0398,37.9025"
Ferndale,"-124.2619,40.5799"
Fortuna,"-124.1424,40.5860"
Artesia,"-118.0806,33.8676"
Kennedy,"-121.2457,37.9290"
Salinas,"-121.6317,36.6884"
Rancho Santa Fe,"-117.1992,33.0240"
Burnt Ranch,"-123.5082,40.8111"
Clay,"-121.1596,38.3140"
Rio Vista,"-121.7034,38.1761"
Hayward,"-122.0772,37.6328"
Butte Creek Canyon,"-121.6969,39.7489"
Jamestown,"-120.4110,37.9574"
San Miguel,"-122.0369,37.8867"
College City,"-122.0068,39.0063"
Colfax,"-120.9532,39.0938"
June Lake,"-119.1022,37.7677"
Yankee Hill,"-121.5147,39.7007"
Lucas Valley-Marinwood,"-122.5765,38.0405"
Douglas City,"-122.9261,40.6636"
Pioneer,"-120.5848,38.4355"
Eucalyptus Hills,"-116.9453,32.8850"
Boulder Creek,"-122.1271,37.1341"
McFarland,"-119.2414,35.6781"
Mountain Center,"-116.7248,33.7112"
Tonyville,"-119.0903,36.2474"
El Paso de Robles,"-120.6560,35.6394"
Palmdale,"-118.1057,34.5944"
Nicasio,"-122.7008,38.0606"
McClellan Park,"-121.4015,38.6631"
Industry,"-117.9268,34.0175"
Chilcoot-Vinton,"-120.1388,39.8067"
Garnet,"-116.4796,33.9179"
Lake Riverside,"-116.8107,33.5173"
Lakeview,"-117.1233,33.8285"
Duarte,"-117.9504,34.1609"
San Juan Capistrano,"-117.6544,33.5009"
Wofford Heights,"-118.4731,35.7127"
Arvin,"-118.8306,35.1944"
Monterey Park,"-118.1326,34.0497"
Turlock,"-120.8587,37.5053"
Indio Hills,"-116.2484,33.8411"
Mecca,"-116.0645,33.5767"
Downey,"-118.1312,33.9379"
Alameda,"-122.2673,37.7670"
Three Rivers,"-118.8806,36.4319"
Pine Mountain Club,"-119.1669,34.8446"
Pasatiempo,"-122.0265,37.0035"
Salton City,"-115.9609,33.2994"
Sleepy Hollow,"-122.5877,38.0120"
Lake Mathews,"-117.3683,33.8250"
McGee Creek,"-118.7910,37.5727"
Rouse,"-121.0084,37.6195"
Hornitos,"-120.2420,37.5034"
Tipton,"-119.3130,36.0585"
Stanford,"-122.1674,37.4252"
Beverly Hills,"-118.4021,34.0786"
Benton,"-118.4845,37.8189"
Strawberry,"-122.5078,37.8925"
Los Altos Hills,"-122.1390,37.3672"
Little River,"-123.7817,39.2703"
Bucks Lake,"-121.1941,39.8798"
Chowchilla,"-120.2349,37.1095"
Bishop,"-118.3958,37.3665"
University of California-Merced,"-120.4190,37.3666"
Hartley,"-121.9521,38.4203"
Valinda,"-117.9301,34.0400"
Commerce,"-118.1519,33.9963"
Vandenberg AFB,"-120.5182,34.7483"
Thermal,"-116.1309,33.6262"
Topanga,"-118.6053,34.0964"
Temelec,"-122.4982,38.2577"
Hasley Canyon,"-118.6665,34.4817"
Paynes Creek,"-121.9174,40.3410"
Malaga,"-119.7318,36.6816"
Hawthorne,"-118.3476,33.9146"
Cantua Creek,"-120.3164,36.5001"
Rancho Tehama Reserve,"-122.4418,40.0010"
Spring Valley,"-116.9766,32.7317"
Belden,"-121.2541,40.0040"
Lakehead,"-122.3924,40.9007"
San Pasqual,"-118.1025,34.1392"
Santa Barbara,"-119.7202,34.4285"
Highgrove,"-117.3098,34.0106"
Nipinnawasee,"-119.7293,37.4031"
Kensington,"-122.2805,37.9084"
Cazadero,"-123.0978,38.5265"
Winton,"-120.6173,37.3854"
Garey,"-120.3141,34.8869"
Tahoma,"-120.1438,39.0633"
Rancho Murieta,"-121.0716,38.5085"
Stallion Springs,"-118.6477,35.0935"
Mettler,"-118.9729,35.0635"
Healdsburg,"-122.8651,38.6229"
Farmington,"-121.0044,37.9299"
Mayfair,"-119.7612,36.7694"
Coronita,"-117.6110,33.8760"
Felton,"-122.0804,37.0392"
Hillsborough,"-122.3587,37.5573"
Point Reyes Station,"-122.8093,38.0847"
Tranquillity,"-120.2526,36.6480"
Nord,"-121.9548,39.7739"
La Habra Heights,"-117.9509,33.9603"
Madera Acres,"-120.0799,37.0123"
Crest,"-116.8671,32.8000"
Lakewood,"-118.1221,33.8471"
Paradise,"-121.6063,39.7558"
Rollingwood,"-122.3305,37.9655"
Bridgeport,"-119.2123,38.2561"
Bangor,"-121.4117,39.3761"
Oak Hills,"-117.4125,34.3912"
Freeport,"-121.5022,38.4636"
Samoa,"-124.1893,40.8146"
Cottonwood,"-122.2861,40.3904"
Trinity Center,"-122.7083,40.9841"
Lynwood,"-118.2017,33.9240"
Paskenta,"-122.5457,39.8834"
Clear Creek,"-121.0531,40.3023"
Eastvale,"-117.5802,33.9617"
Greenville,"-120.9454,40.1336"
Dollar Point,"-120.1089,39.1905"
Tulare,"-119.3401,36.1996"
Sunny Slopes,"-118.6759,37.5694"
Norwalk,"-118.0829,33.9069"
Alpaugh,"-119.4873,35.8876"
Point Arena,"-123.6954,38.9123"
Coto de Caza,"-117.5862,33.5961"
Carpinteria,"-119.5117,34.3962"
Berkeley,"-122.2760,37.8723"
Heber,"-115.5204,32.7318"
Airport,"-120.9774,37.6324"
Taft,"-119.4243,35.1267"
Bystrom,"-120.9827,37.6199"
Discovery Bay,"-121.6076,37.9071"
Canby,"-120.8843,41.4477"
Huntington Park,"-118.2167,33.9800"
Goleta,"-119.8595,34.4360"
Gerber,"-122.1482,40.0614"
Fruitridge Pocket,"-121.4558,38.5326"
Moss Beach,"-122.5036,37.5185"
Good Hope,"-117.2772,33.7706"
Reedley,"-119.4473,36.5983"
Chula Vista,"-117.0145,32.6281"
Linden,"-121.0994,38.0186"
Scotia,"-124.1032,40.4774"
Ramona,"-116.8767,33.0474"
Camp Pendleton South,"-117.3791,33.2284"
Benbow,"-123.7653,40.0603"
East Oakdale,"-120.8007,37.7854"
Riverbank,"-120.9402,37.7268"
Flournoy,"-122.4461,39.9284"
Long Beach,"-118.1675,33.7980"
Petaluma,"-122.6267,38.2423"
Bodfish,"-118.4764,35.5765"
Santa Susana,"-118.6662,34.2580"
Novato,"-122.5576,38.0920"
Nevada City,"-121.0231,39.2607"
Weedpatch,"-118.9123,35.2369"
Marin City,"-122.5137,37.8711"
Ione,"-120.9422,38.3613"
Mountain Gate,"-122.3262,40.7184"
Mount Hermon,"-122.0533,37.0511"
Grayson,"-121.1794,37.5650"
Del Rey Oaks,"-121.8381,36.5929"
Casmalia,"-120.5311,34.8376"
Ridgecrest,"-117.6621,35.6308"
Vine Hill,"-122.0873,38.0071"
Raisin City,"-119.9092,36.6033"
Green Valley,"-122.1621,38.2606"
Sutter,"-121.7492,39.1557"
Perris,"-117.2233,33.7899"
Avalon,"-118.3315,33.3342"
Kettleman City,"-119.9628,36.0089"
Ceres,"-120.9625,37.5953"
Shandon,"-120.3832,35.6536"
Sierraville,"-120.3637,39.5750"
Desert Hot Springs,"-116.5430,33.9551"
West Whittier-Los Nietos,"-118.0689,33.9759"
Auburn,"-121.0777,38.8950"
Weaverville,"-122.9274,40.7488"
Desert Shores,"-116.0394,33.4041"
Calpella,"-123.1970,39.2322"
Lookout,"-121.1545,41.2100"
Twentynine Palms,"-116.0659,34.1478"
Watsonville,"-121.7706,36.9206"
Kentfield,"-122.5498,37.9481"
Colma,"-122.4526,37.6767"
Edna,"-120.6060,35.2108"
Idlewild,"-118.6704,35.8096"
Lake Don Pedro,"-120.3368,37.6461"
South Pasadena,"-118.1573,34.1103"
Poplar-Cotton Center,"-119.1493,36.0564"
Wrightwood,"-117.6299,34.3495"
San Gabriel,"-118.0990,34.0948"
Woodbridge,"-121.3113,38.1692"
Soledad,"-121.3431,36.4434"
Old Station,"-121.4228,40.6722"
Three Rocks,"-120.3936,36.5051"
El Portal,"-119.7990,37.6736"
West Point,"-120.5374,38.4043"
Camanche North Shore,"-120.9538,38.2442"
Glendora,"-117.8467,34.1449"
Terminous,"-121.4896,38.1154"
Hood,"-121.5155,38.3693"
Atwater,"-120.5981,37.3543"
Sierra Madre,"-118.0504,34.1687"
Crescent Mills,"-120.9217,40.1008"
Antioch,"-121.7957,37.9789"
Warner Valley,"-121.3174,40.3955"
Minkler,"-119.4587,36.7277"
Fiddletown,"-120.7605,38.5091"
Bell Gardens,"-118.1550,33.9663"
Pine Grove,"-120.6606,38.4074"
Windsor,"-122.8086,38.5418"
West Puente Valley,"-117.9681,34.0512"
Santa Monica,"-118.4813,34.0232"
Lone Pine,"-118.0777,36.5774"
Tuttletown,"-120.4503,38.0003"
Coarsegold,"-119.7000,37.2526"
Parkwood,"-120.0482,36.9293"
Lucerne,"-122.7760,39.0697"
Kingvale,"-120.4386,39.3204"
Sultana,"-119.3360,36.5464"
Lawndale,"-118.3531,33.8884"
French Valley,"-117.1069,33.5998"
Piedmont,"-122.2301,37.8226"
La Cañada Flintridge,"-118.2002,34.2097"
Elk Creek,"-122.5376,39.6002"
Las Lomas,"-121.7317,36.8689"
Goodyears Bar,"-120.8881,39.5458"
Murphys,"-120.4348,38.1447"
South Lake Tahoe,"-119.9828,38.9393"
Leggett,"-123.7253,39.8634"
El Rancho,"-119.0690,36.2207"
Arcata,"-124.0757,40.8615"
Laytonville,"-123.4945,39.6715"
Crowley Lake,"-118.7465,37.5692"
Silver Lakes,"-117.3431,34.7519"
North Tustin,"-117.7945,33.7644"
Galt,"-121.3000,38.2693"
Stevinson,"-120.8497,37.3247"
Fort Washington,"-119.7613,36.8793"
East Hemet,"-116.9410,33.7301"
Cherokee,"-121.5345,39.6514"
Placentia,"-117.8553,33.8807"
Santa Maria,"-120.4432,34.9333"
Clovis,"-119.6838,36.8277"
Seeley,"-115.6842,32.7899"
Patterson,"-121.1438,37.4738"
Bay Point,"-121.9616,38.0328"
Cold Springs,"-120.8761,38.7468"
Littlerock,"-117.9808,34.5232"
Beale AFB,"-121.3542,39.1095"
San Bruno,"-122.4313,37.6254"
Portola,"-120.4732,39.8242"
Friant,"-119.7130,36.9848"
South San Gabriel,"-118.0962,34.0489"
Pierpoint,"-118.6296,36.1405"
Eagleville,"-120.1147,41.3191"
Olancha,"-118.0015,36.2704"
Wildomar,"-117.2583,33.6173"
Larkspur,"-122.5313,37.9394"
Laguna Niguel,"-117.7050,33.5275"
San Ramon,"-121.9365,37.7625"
Cowan,"-120.9888,37.5601"
Bend,"-122.2095,40.2561"
Sequoia Crest,"-118.6256,36.1858"
Lemoore,"-119.7983,36.2960"
Lake California,"-122.2102,40.3608"
Grand Terrace,"-117.3132,34.0312"
Cohasset,"-121.7448,39.9027"
West Athens,"-118.3033,33.9235"
Hamilton City,"-122.0125,39.7422"
Diamond Springs,"-120.8391,38.6920"
Mokelumne Hill,"-120.7061,38.3057"
Mira Monte,"-119.2853,34.4284"
Isla Vista,"-119.8581,34.4144"
Del Monte Forest,"-121.9439,36.5857"
Vina,"-122.0518,39.9343"
Harbison Canyon,"-116.8381,32.8273"
Byron,"-121.6421,37.8756"
Graniteville,"-120.7360,39.4443"
Aptos,"-121.8934,36.9912"
East Pasadena,"-118.0775,34.1377"
Proberta,"-122.1776,40.0762"
Fetters Hot Springs-Agua Caliente,"-122.4871,38.3274"
Palo Verde,"-114.7273,33.4279"
Orosi,"-119.2903,36.5434"
Irwindale,"-117.9636,34.1121"
Burney,"-121.6691,40.8846"
Fontana,"-117.4599,34.0968"
Bethel Island,"-121.6404,38.0288"
California Pines,"-120.6605,41.4117"
Clio,"-120.5725,39.7487"
Cotati,"-122.7092,38.3279"
West Hollywood,"-118.3719,34.0883"
Loleta,"-124.2225,40.6408"
Etna,"-122.8946,41.4582"
San Bernardino,"-117.2945,34.1417"
Jurupa Valley,"-117.4706,34.0010"
Castle Hill,"-122.0574,37.8730"
Parklawn,"-120.9793,37.6069"
Valley Wells,"-117.3366,35.8761"
Colton,"-117.3254,34.0538"
Santa Venetia,"-122.5033,38.0055"
Loyalton,"-120.2448,39.6768"
Camp Pendleton North,"-117.3162,33.3148"
Red Bluff,"-122.2413,40.1735"
Sattley,"-120.4357,39.6265"
Bell,"-118.1798,33.9801"
Rough and Ready,"-121.1381,39.2341"
Tehama,"-122.1269,40.0218"
Clarksburg,"-121.5415,38.4193"
Caspar,"-123.8044,39.3631"
Carnelian Bay,"-120.0766,39.2348"
La Mirada,"-118.0093,33.9025"
San Antonio Heights,"-117.6592,34.1571"
Arcadia,"-118.0373,34.1342"
Lake Hughes,"-118.4588,34.6833"
Frazier Park,"-118.9542,34.8122"
San Joaquin,"-120.1897,36.6057"
Rancho Calaveras,"-120.8570,38.1248"
Ben Lomond,"-122.0882,37.0782"
Litchfield,"-120.3809,40.3876"
Porterville,"-119.0338,36.0644"
Templeton,"-120.7182,35.5560"
Earlimart,"-119.2715,35.8824"
Salmon Creek,"-123.0595,38.3463"
Vista Santa Rosa,"-116.2126,33.6227"
Bluewater,"-114.2640,34.1760"
Loomis,"-121.1955,38.8093"
Oak Glen,"-116.9497,34.0448"
Lemon Grove,"-117.0344,32.7331"
Challenge-Brownsville,"-121.2632,39.4646"
Stevenson Ranch,"-118.5885,34.3894"
Coffee Creek,"-122.7136,41.0802"
Ruth,"-123.3483,40.2943"
Summerland,"-119.5893,34.4255"
Franklin,"-120.5321,37.3277"
Orangevale,"-121.2208,38.6880"
Big Pine,"-118.2951,37.1655"
Matheny,"-119.3516,36.1707"
Ukiah,"-123.2105,39.1463"
Olivehurst,"-121.5549,39.0817"
Redlands,"-117.1712,34.0511"
Laguna Hills,"-117.6992,33.5920"
Shelter Cove,"-124.0558,40.0389"
West Menlo Park,"-122.2034,37.4338"
Martell,"-120.8039,38.3623"
Rocklin,"-121.2488,38.8075"
Grangeville,"-119.7074,36.3439"
South San Francisco,"-122.4197,37.6536"
Hercules,"-122.2564,38.0064"
North Auburn,"-121.0821,38.9306"
Redwood City,"-122.2252,37.5026"
Sutter Creek,"-120.8107,38.3827"
Dos Palos Y,"-120.6395,37.0468"
Dixon,"-121.8250,38.4467"
Homeland,"-117.1132,33.7459"
Lee Vining,"-119.1221,37.9547"
Catheys Valley,"-120.0936,37.4371"
Dutch Flat,"-120.8345,39.2080"
Cabazon,"-116.7828,33.9127"
Tennant,"-121.9148,41.5818"
Linnell Camp,"-119.2225,36.3089"
Vallecito,"-120.4563,38.0740"
Garden Grove,"-117.9601,33.7787"
Fremont,"-121.9852,37.5265"
Fruitdale,"-121.9357,37.3117"
Lathrop,"-121.3130,37.8090"
Blairsden,"-120.6109,39.7752"
Coalinga,"-120.3266,36.1432"
Garden Acres,"-121.2296,37.9637"
Coulterville,"-120.1991,37.7106"
Moreno Valley,"-117.2045,33.9244"
East Nicolaus,"-121.5443,38.9100"
Lakeland Village,"-117.3706,33.6480"
West Rancho Dominguez,"-118.2682,33.9057"
Pala,"-117.0696,33.3617"
Plumas Lake,"-121.5580,38.9924"
Atascadero,"-120.6858,35.4827"
California City,"-117.8720,35.1578"
Trinidad,"-124.1434,41.0589"
Benicia,"-122.1541,38.0704"
Knights Landing,"-121.7176,38.7979"
French Gulch,"-122.6311,40.7166"
Mount Laguna,"-116.4247,32.8711"
Paradise Park,"-122.0425,37.0063"
Nuevo,"-117.1415,33.8011"
Solana Beach,"-117.2575,32.9942"
Oak Shores,"-120.9817,35.7624"
Ladera,"-122.1991,37.3996"
Millbrae,"-122.4024,37.5994"
Culver City,"-118.3968,34.0058"
Castroville,"-121.7535,36.7650"
Delft Colony,"-119.4465,36.5120"
Chico,"-121.8152,39.7575"
El Cajon,"-116.9604,32.8017"
Rio Oso,"-121.5310,38.9518"
Crescent City,"-124.1902,41.7727"
Truckee,"-120.1848,39.3454"
Greenfield,"-121.2451,36.3232"
Martinez,"-122.1160,37.9985"
South Monrovia Island,"-117.9958,34.1234"
Port Hueneme,"-119.2036,34.1617"
Fieldbrook,"-124.0250,40.9723"
Ontario,"-117.6064,34.0393"
McClenney Tract,"-118.6478,35.8220"
Castro Valley,"-122.0632,37.7092"
Murrieta,"-117.1909,33.5720"
Gasquet,"-123.9733,41.8429"
Pittsburg,"-121.8970,38.0185"
Hopland,"-123.1173,38.9691"
La Puente,"-117.9533,34.0323"
Hacienda Heights,"-117.9728,33.9970"
Montalvin Manor,"-122.3300,37.9977"
Taylorsville,"-120.8386,40.0587"
Bradbury,"-117.9684,34.1536"
Cudahy,"-118.1830,33.9631"
Grass Valley,"-121.0521,39.2237"
Big River,"-114.3604,34.1393"
Myrtletown,"-124.1286,40.7888"
Markleeville,"-119.8226,38.6840"
South Oroville,"-121.5439,39.4767"
Palos Verdes Estates,"-118.3976,33.7871"
Monterey Park Tract,"-121.0115,37.5268"
Janesville,"-120.5335,40.2809"
Denair,"-120.7994,37.5262"
Orinda,"-122.1790,37.8808"
Huron,"-120.0961,36.2040"
Rainbow,"-117.1394,33.4098"
Ridgemark,"-121.3623,36.8083"
Citrus Heights,"-121.2880,38.6948"
Lake of the Woods,"-119.0027,34.8226"
Oak View,"-119.2976,34.3990"
South Dos Palos,"-120.6467,36.9707"
Anchor Bay,"-123.5704,38.8126"
Boonville,"-123.3740,39.0115"
La Verne,"-117.7702,34.1208"
Albion,"-123.7564,39.2256"
Oildale,"-119.0279,35.4249"
Westmont,"-118.3018,33.9417"
La Selva Beach,"-121.8445,36.9276"
Collierville,"-121.2675,38.2141"
Lafayette,"-122.1189,37.8919"
Walker,"-119.4582,38.5341"
Caribou,"-121.1616,40.0761"
Monterey,"-121.8807,36.5922"
East Los Angeles,"-118.1691,34.0326"
Sonoma,"-122.4598,38.2902"
Groveland,"-120.2394,37.8325"
Merced,"-120.4779,37.3057"
Aspen Springs,"-118.7087,37.5500"
San Simeon,"-121.1375,35.6182"
Le Grand,"-120.2540,37.2288"
Westwood,"-121.0044,40.3049"
Soda Springs,"-120.3785,39.3248"
Carmel-by-the-Sea,"-121.9222,36.5528"
Del Mar,"-117.2627,32.9633"
Desert View Highlands,"-118.1536,34.5902"
Mountain Ranch,"-120.5119,38.2509"
Blue Lake,"-123.9931,40.8813"
Waterford,"-120.7553,37.6429"
Alum Rock,"-121.8241,37.3694"
North Lakeport,"-122.9054,39.0883"
Menifee,"-117.1849,33.6909"
Bowles,"-119.7526,36.6089"
Boronda,"-121.6745,36.6947"
Charter Oak,"-117.8564,34.1025"
Big Creek,"-119.2487,37.2035"
Monument Hills,"-121.8756,38.6641"
Avila Beach,"-120.7192,35.1971"
California Hot Springs,"-118.6561,35.8863"
Keene,"-118.6103,35.2330"
Sand City,"-121.8478,36.6189"
Rutherford,"-122.4231,38.4568"
Canyondam,"-121.0769,40.1699"
Tustin,"-117.8106,33.7309"
Victor,"-121.1987,38.1385"
Kelly Ridge,"-121.4662,39.5289"
Val Verde,"-118.6717,34.4504"
Farmersville,"-119.2081,36.3054"
Saranap,"-122.0761,37.8878"
Richmond,"-122.3390,37.9477"
Santa Cruz,"-122.0346,36.9789"
Happy Camp,"-123.3892,41.8103"
Hornbrook,"-122.5596,41.9079"
Corralitos,"-121.7892,36.9941"
Wilkerson,"-118.3877,37.2794"
Midpines,"-119.9485,37.5531"
Twin Lakes,"-121.9896,36.9646"
Alhambra,"-118.1355,34.0840"
Suisun City,"-122.0086,38.2471"
Tooleville,"-119.1154,36.2878"
Parkway,"-121.4520,38.4993"
Calwa,"-119.7609,36.7136"
Bakersfield,"-119.0359,35.3530"
Phillipsville,"-123.7844,40.2117"
Lemoore Station,"-119.9049,36.2633"
Lake Los Angeles,"-117.8339,34.6097"
Aromas,"-121.6404,36.8771"
Edwards AFB,"-117.9294,34.9045"
Winter Gardens,"-116.9268,32.8376"
Mammoth Lakes,"-118.9900,37.6273"
Fullerton,"-117.9279,33.8841"
Gustine,"-120.9949,37.2545"
Delano,"-119.2637,35.7670"
San Francisco,"-122.4430,37.7562"
East Sonora,"-120.3410,37.9777"
Foothill Farms,"-121.3475,38.6867"
Lake City,"-120.2255,41.6460"
Terra Bella,"-119.0328,35.9567"
Phoenix Lake,"-120.3090,38.0074"
Edgewood,"-122.4259,41.4621"
Pike,"-120.9996,39.4278"
Muir Beach,"-122.5858,37.8654"
Woodlake,"-119.0999,36.4124"
Dana Point,"-117.6969,33.4733"
Lockwood,"-121.0802,35.9412"
Mount Shasta,"-122.3150,41.3206"
Woodcrest,"-117.3686,33.8789"
Woodside,"-122.2591,37.4221"
El Verano,"-122.4915,38.2975"
Squirrel Mountain Valley,"-118.4047,35.6175"
Woodlands,"-120.5524,35.0289"
Tuolumne City,"-120.2428,37.9615"
Seville,"-119.2247,36.4856"
Shasta,"-122.4797,40.5911"
San Fernando,"-118.4363,34.2886"
Lompoc,"-120.4714,34.6618"
South Gate,"-118.1926,33.9448"
Bolinas,"-122.7095,37.9177"
Norris Canyon,"-121.9878,37.7454"
Hemet,"-116.9969,33.7341"
Chalfant,"-118.3750,37.5105"
Spaulding,"-120.7863,40.6556"
Hamilton Branch,"-121.0961,40.2772"
Arbuckle,"-122.0610,39.0141"
Philo,"-123.4452,39.0657"
Lexington Hills,"-121.9879,37.1616"
Gazelle,"-122.5215,41.5137"
Forbestown,"-121.2689,39.5300"
Loma Mar,"-122.3007,37.2658"
Little Grass Valley,"-120.9591,39.7252"
Goshen,"-119.4210,36.3518"
Antelope,"-121.3610,38.7153"
Humboldt Hill,"-124.1987,40.7219"
Guerneville,"-122.9894,38.5137"
Fresno,"-119.7941,36.7831"
East Foothills,"-121.8138,37.3827"
North El Monte,"-118.0239,34.1029"
Union City,"-122.0187,37.6030"
Walnut,"-117.8593,34.0334"
El Granada,"-122.4660,37.5134"
Orange,"-117.8218,33.8038"
Deer Park,"-122.4679,38.5361"
Bradley,"-120.8042,35.8628"
Buena Park,"-118.0046,33.8572"
Fort Bidwell,"-120.1589,41.8629"
Citrus,"-117.8890,34.1161"
Camino,"-120.6814,38.7412"
Newman,"-121.0211,37.3157"
Loma Linda,"-117.2498,34.0451"
River Pines,"-120.7475,38.5454"
Garden Farms,"-120.6140,35.4158"
Moskowite Corner,"-122.1945,38.4464"
Pomona,"-117.7626,34.0585"
Stratford,"-119.8224,36.1884"
Lake Elsinore,"-117.3344,33.6846"
Covina,"-117.8817,34.0903"
Larkfield-Wikiup,"-122.7536,38.5130"
Cayucos,"-120.8847,35.4375"
Albany,"-122.3018,37.8898"
Fallbrook,"-117.2258,33.3693"
Borrego Springs,"-116.3572,33.2410"
Paramount,"-118.1652,33.8977"
Winterhaven,"-114.6378,32.7372"
Dos Palos,"-120.6337,36.9854"
Lake San Marcos,"-117.2089,33.1197"
Manteca,"-121.2266,37.7934"
Kerman,"-120.0625,36.7249"
Nipomo,"-120.4990,35.0323"
San Dimas,"-117.8090,34.1082"
Loyola,"-122.0980,37.3502"
Buttonwillow,"-119.4406,35.4092"
Keswick,"-122.4606,40.6135"
Marina del Rey,"-118.4486,33.9765"
Vincent,"-117.9238,34.0982"
Greenhorn,"-120.7590,39.9030"
Santa Rosa Valley,"-118.9023,34.2453"
Westhaven-Moonstone,"-124.1023,41.0447"
Creston,"-120.5210,35.5173"
French Camp,"-121.2803,37.8802"
Forest Meadows,"-120.4052,38.1664"
Davis,"-121.7365,38.5552"
Hollister,"-121.3981,36.8563"
El Rio,"-119.1568,34.2453"
Morro Bay,"-120.8482,35.3681"
Monte Rio,"-123.0147,38.4683"
Cameron Park,"-120.9872,38.6737"
Lakeport,"-122.9218,39.0392"
Upper Lake,"-122.9052,39.1653"
Georgetown,"-120.8356,38.9111"
Malibu,"-118.7845,34.0368"
Hartland,"-118.9553,36.6518"
Redondo Beach,"-118.3766,33.8574"
Lake Almanor West,"-121.2020,40.2335"
Lamont,"-118.9159,35.2651"
Bieber,"-121.1336,41.1251"
Moss Landing,"-121.7872,36.8019"
Anaheim,"-117.8573,33.8390"
Mojave,"-118.1895,35.0139"
Camanche Village,"-120.9866,38.2662"
Julian,"-116.5889,33.0735"
Bell Canyon,"-118.6876,34.2081"
Biggs,"-121.7100,39.4132"
Florin,"-121.4042,38.4832"
Talmage,"-123.1648,39.1314"
Linda,"-121.5421,39.1242"
Butte Valley,"-121.6363,39.6571"
West Carson,"-118.2931,33.8229"
Fall River Mills,"-121.4401,41.0069"
Claremont,"-117.7153,34.1259"
Pleasant Hill,"-122.0759,37.9540"
Santa Ynez,"-120.0944,34.6151"
Santa Clarita,"-118.4992,34.4155"
Derby Acres,"-119.6039,35.2440"
Hanford,"-119.6544,36.3264"
Clearlake,"-122.6331,38.9590"
Morada,"-121.2456,38.0386"
Brea,"-117.8654,33.9254"
Lake Arrowhead,"-117.1945,34.2531"
Drytown,"-120.8565,38.4382"
Los Angeles,"-118.4068,34.1139"
Smartsville,"-121.2928,39.2053"
Calipatria,"-115.5056,33.1493"
Esparto,"-122.0241,38.6934"
Manchester,"-123.6910,38.9743"
Monmouth,"-119.7405,36.5656"
Rio Dell,"-124.1105,40.5024"
Princeton,"-122.0212,39.4029"
Mountain View Acres,"-117.3472,34.4976"
Lake of the Pines,"-121.0642,39.0378"
Yolo,"-121.8093,38.7405"
Penn Valley,"-121.1942,39.1954"
McKittrick,"-119.6249,35.2981"
Soulsbyville,"-120.2617,37.9917"
Thousand Oaks,"-118.8755,34.1914"
Fairmead,"-120.1937,37.0775"
Grover Beach,"-120.6199,35.1204"
Westmorland,"-115.6223,33.0389"
West Bishop,"-118.4542,37.3571"
Lebec,"-118.8992,34.8450"
Crows Landing,"-121.0843,37.3947"
Hardwick,"-119.7207,36.4026"
Pine Hills,"-124.1551,40.7313"
Gold River,"-121.2487,38.6268"
Mill Valley,"-122.5420,37.9085"
Topaz,"-119.5274,38.6587"
Glendale,"-118.2468,34.1818"
Pixley,"-119.2889,35.9769"
Santa Rosa,"-122.7067,38.4458"
Whitley Gardens,"-120.5068,35.6571"
Richgrove,"-119.1069,35.7966"
Los Banos,"-120.8405,37.0631"
Volta,"-120.9235,37.0875"
Fillmore,"-118.9181,34.3990"
Bret Harte,"-121.0045,37.6021"
Brentwood,"-121.7190,37.9356"
Shasta Lake,"-122.3775,40.6790"
Cutten,"-124.1446,40.7657"
Mead Valley,"-117.2852,33.8333"
Nicolaus,"-121.5729,38.8981"
Fort Irwin,"-116.6834,35.2476"
Mariposa,"-119.9683,37.4873"
Wallace,"-120.9586,38.1978"
Acampo,"-121.2798,38.1735"
Mentone,"-117.1109,34.0609"
Waukena,"-119.5109,36.1361"
Desert Center,"-115.3666,33.7378"
Port Costa,"-122.1850,38.0446"
Cromberg,"-120.6905,39.8684"
Highland,"-117.1654,34.1113"
Hidden Hills,"-118.6612,34.1637"
Los Osos,"-120.8249,35.3068"
Encinitas,"-117.2613,33.0490"
Los Olivos,"-120.1180,34.6647"
Johnsville,"-120.7130,39.7663"
Piñon Hills,"-117.6214,34.4438"
Sanger,"-119.5576,36.6992"
Oakland,"-122.2165,37.7903"
Shell Ridge,"-122.0344,37.9060"
Greenacres,"-119.1184,35.3831"
Lockeford,"-121.1554,38.1508"
La Porte,"-120.9852,39.6725"
View Park-Windsor Hills,"-118.3484,33.9955"
Indian Falls,"-120.9803,40.0587"
Tara Hills,"-122.3188,37.9939"
East San Gabriel,"-118.0807,34.1198"
Richfield,"-122.1733,39.9738"
Sea Ranch,"-123.4528,38.7166"
Lake Sherwood,"-118.8804,34.1339"
Cypress,"-118.0386,33.8171"
Belvedere,"-122.4662,37.8735"
Comptche,"-123.5897,39.2651"
Granite Bay,"-121.1714,38.7601"
Forest Ranch,"-121.6705,39.8952"
Poway,"-117.0201,32.9872"
Ballico,"-120.7037,37.4519"
Monrovia,"-117.9921,34.1650"
Orick,"-124.0692,41.2909"
Lake Isabella,"-118.4819,35.6378"
Bayview,"-124.1786,40.7653"
Nubieber,"-121.1816,41.0966"
Lakeside,"-116.9040,32.8560"
Diamond Bar,"-117.8161,33.9991"
Visalia,"-119.3269,36.3276"
Lindcove,"-119.0721,36.3595"
La Riviera,"-121.3544,38.5683"
Jenner,"-123.1204,38.4511"
Home Gardens,"-117.5116,33.8784"
Moraga,"-122.1225,37.8438"
Kelseyville,"-122.8327,38.9704"
Berry Creek,"-121.4052,39.6314"
Hawaiian Gardens,"-118.0728,33.8303"
Meadow Valley,"-121.0832,39.9323"
Yettem,"-119.2551,36.4866"
Columbia,"-120.4097,38.0333"
Lytle Creek,"-117.5044,34.2499"
Yosemite Valley,"-119.5779,37.7407"
Oak Park,"-118.7669,34.1849"
East Palo Alto,"-122.1352,37.4671"
Quincy,"-120.9548,39.9310"
Squaw Valley,"-119.2000,36.6944"
Timber Cove,"-123.2590,38.5410"
Crockett,"-122.2201,38.0519"
Cupertino,"-122.0465,37.3168"
Bloomfield,"-122.8502,38.3183"
Seal Beach,"-118.0714,33.7542"
Winchester,"-117.0775,33.7146"
Camino Tassajara,"-121.8850,37.7909"
Oakhurst,"-119.6483,37.3342"
Gridley,"-121.6971,39.3622"
McCloud,"-122.1360,41.2541"
Clyde,"-122.0278,38.0252"
East Tulare Villa,"-119.2821,36.2035"
Armona,"-119.7054,36.3179"
Glen Ellen,"-122.5412,38.3564"
Riverside,"-117.3948,33.9381"
Iron Horse,"-120.4823,39.7805"
Alondra Park,"-118.3350,33.8885"
Lake Wildwood,"-121.2003,39.2350"
Doyle,"-120.1172,40.0275"
East Porterville,"-118.9713,36.0573"
Montgomery Creek,"-121.9215,40.8414"
Lincoln,"-121.2916,38.8759"
Pacheco,"-122.0700,37.9878"
Joshua Tree,"-116.3128,34.1236"
Emeryville,"-122.2932,37.8382"
Redwood Valley,"-123.2023,39.2690"
El Nido,"-120.4985,37.1324"
Mohawk Vista,"-120.5883,39.8048"
Johannesburg,"-117.6420,35.3718"
C-Road,"-120.5770,39.7628"
Camptonville,"-121.0488,39.4521"
Yorba Linda,"-117.7713,33.8890"
Woodville,"-119.2050,36.0898"
San Buenaventura,"-119.2314,34.2741"
Midway City,"-117.9849,33.7451"
Oroville,"-121.5634,39.4999"
Empire,"-120.9045,37.6432"
Carlsbad,"-117.2837,33.1247"
Aguanga,"-116.8555,33.4522"
Cutler,"-119.2883,36.5263"
Cambrian Park,"-121.9288,37.2563"
San Lucas,"-121.0218,36.1283"
Whitehawk,"-120.5536,39.7206"
Snelling,"-120.4385,37.5216"
Bear Valley,"-120.1230,37.5671"
Ahwahnee,"-119.7194,37.3652"
Temple City,"-118.0579,34.1022"
Willow Creek,"-123.6412,40.9385"
Artois,"-122.1898,39.6332"
Blythe,"-114.6195,33.6219"
Coloma,"-120.8946,38.8026"
Freedom,"-121.7954,36.9402"
Maywood,"-118.1877,33.9885"
Green Acres,"-117.0783,33.7350"
Fairbanks Ranch,"-117.1859,32.9919"
Rodeo,"-122.2526,38.0368"
Avenal,"-120.1160,36.0312"
Pine Mountain Lake,"-120.1843,37.8599"
Alderpoint,"-123.6157,40.1614"
Lincoln Village,"-121.3339,38.0054"
Elverta,"-121.4455,38.7185"
San Jose,"-121.8489,37.3021"
South Taft,"-119.4575,35.1293"
Arden-Arcade,"-121.3810,38.6034"
Cartago,"-118.0261,36.3123"
Monte Sereno,"-121.9881,37.2404"
Lost Hills,"-119.6789,35.6254"
Imperial,"-115.5723,32.8388"
Adelanto,"-117.4397,34.5815"
Mount Hebron,"-122.0083,41.7855"
McSwain,"-120.5867,37.3146"
La Habra,"-117.9513,33.9278"
Shingle Springs,"-120.9370,38.6665"
Brawley,"-115.5288,32.9783"
Smith Corner,"-119.2771,35.4788"
Napa,"-122.3011,38.2976"
Springville,"-118.8345,36.1168"
Apple Valley,"-117.2104,34.5328"
Round Valley,"-118.5819,37.4067"
Trinity Village,"-123.5132,40.8789"
Rio Linda,"-121.4418,38.6876"
Tahoe Vista,"-120.0535,39.2483"
Bear Valley Springs,"-118.6460,35.1775"
Ducor,"-119.0456,35.8943"
Soquel,"-121.9482,36.9978"
Palm Desert,"-116.3695,33.7378"
Spring Garden,"-120.7936,39.9012"
Red Corral,"-120.6056,38.4116"
Clearlake Oaks,"-122.6593,39.0218"
Twain Harte,"-120.2340,38.0384"
San Leandro,"-122.1601,37.7071"
Manton,"-121.8540,40.4202"
Swall Meadows,"-118.6426,37.5060"
Butte Meadows,"-121.5370,40.0871"
North Fair Oaks,"-122.2035,37.4754"
Cedar Ridge,"-120.2737,38.0661"
Aptos Hills-Larkin Valley,"-121.8341,36.9606"
Rancho Palos Verdes,"-118.3637,33.7554"
Westminster,"-117.9938,33.7523"
Dogtown,"-121.1551,38.2096"
Pacifica,"-122.4781,37.6112"
Buellton,"-120.1943,34.6152"
New Pine Creek,"-120.3009,41.9872"
Canyon Lake,"-117.2621,33.6884"
Corcoran,"-119.5612,36.0847"
Kirkwood,"-120.0640,38.6930"
Cressey,"-120.6556,37.4210"
Fields Landing,"-124.2176,40.7249"
Ashland,"-122.1159,37.6942"
Baker,"-116.0718,35.2769"
Gardena,"-118.3073,33.8944"
Foster City,"-122.2659,37.5553"
Gonzales,"-121.4430,36.5060"
Pescadero,"-122.3725,37.2507"